"2020-06-06","surf_journeys_final","map bug at beginning of map on grey platform before launcher if you stab someone and hold space you begin to fly ","albino jigga","theres a nojump zone, just walk","bro",432550426
"2020-06-08","surf_ethereal","bugged wr","Dragoneye","ty","Robert",
"2020-06-08","surf_concretejungle","b1 fucking gay","&gt;:( \u0660 Payn","not really","Robert",149955734
"2020-06-09","surf_amplitude_encore","no map bot","\u00e4res\u00e5","known issue","Robert",175090177
"2020-06-09","surf_freedom","s4 boosted delete","latosaysikasi","ty","Robert",162106814
"2020-06-10","surf_quasar_final","s4 wrcp &amp; does it in run lol","khonat","fixed","Robert",230126971
"2020-06-10","surf_year3000_fix","Mr.HahaFunny Racist","lxca","dealt with","Robert",297483468
"2020-06-10","surf_disaster","make b1 endzone cover entire platform so the shortcut is worth it","jovi","No sir","Robert",866587375
"2020-06-11","surf_holiday_fix","s4 is difficult to see the guide posts for colour blind people","tipjar","cant really do something about that, sorry","bro",79364588
"2020-06-12","surf_colum_up","the map is too hard for me","gerhard the real one","cant help you with that","bro",373366773
"2020-06-12","surf_artifex","b1 boost very rng","ttv\/hskxd","cant really do anything about it","bro",106711751
"2020-06-13","surf_casbah","ich bin mir krebs - racist","lxca","been dealt with","bro",297483468
"2020-06-13","surf_sippysip","sippysip b1 broaken end","&gt;:( \u0660 Payn","fixed","bro",149955734
"2020-06-14","surf_android_csgo","!repeat not working on bonuses","leffe","true","Robert",80969784
"2020-06-14","surf_commune_again_beta5","startzone s6 - You can climp the slant on the sides and still be in the startzone. so startzone is cheatable","Wankie","ty, blocked","bro",67501684
"2020-06-14","surf_froots_ksf","s6 some times cheated !!","twitch.tv\/redvenomsurf","top2 removed","bro",463273158
"2020-06-14","surf_froots_ksf","stage 10 wrcp, feel like this start shouldnt be allowed","Smeerpaup","yes, its supposed to be blocked top2 removed","bro",109748884
"2020-06-14","surf_froots_ksf","b3 maybe looped startzone or someth","khonat","yes, blocked ty ","bro",230126971
"2020-06-15","surf_doodles_njv","not a map issue but this server (easy 1-2) freezes my client, only server that does this","tipjar","issue with recent csgo update, valve knows about the issue should be fixed soon","bro",79364588
"2020-06-15","surf_whoknows","getting a weird speedboost right after cp2","Hls0ka","??","Robert",322416419
"2020-06-15","surf_froots_ksf","guessing this s9 isn't allowed, my bad","erkster","removed","bro",120084621
"2020-06-15","surf_parc_colore","failing a stage will sometimes randomly send you back to s1, nothing to do with my binds as they aren't touched","tipjar","cant reproduce, please tell me which stage it happens on and how you do it","bro",79364588
"2020-06-14","surf_froots_ksf","s6 some times cheated !!","twitch.tv\/redvenomsurf","top2 removed","bro",463273158
"2020-06-14","surf_froots_ksf","stage 10 wrcp, feel like this start shouldnt be allowed","Smeerpaup","yes, its supposed to be blocked top2 removed","bro",109748884
"2020-06-14","surf_froots_ksf","b3 maybe looped startzone or someth","khonat","yes, blocked ty ","bro",230126971
"2020-06-14","surf_froots_ksf","s6 some times cheated !!","twitch.tv\/redvenomsurf","top2 removed","bro",463273158
"2020-06-14","surf_froots_ksf","stage 10 wrcp, feel like this start shouldnt be allowed","Smeerpaup","yes, its supposed to be blocked top2 removed","bro",109748884
"2020-06-14","surf_froots_ksf","b3 maybe looped startzone or someth","khonat","yes, blocked ty ","bro",230126971
"2020-06-15","surf_doodles_njv","not a map issue but this server (easy 1-2) freezes my client, only server that does this","tipjar","issue with recent csgo update, valve knows about the issue should be fixed soon","bro",79364588
"2020-06-15","surf_whoknows","getting a weird speedboost right after cp2","Hls0ka","??","Robert",322416419
"2020-06-15","surf_froots_ksf","guessing this s9 isn't allowed, my bad","erkster","removed","bro",120084621
"2020-06-15","surf_parc_colore","failing a stage will sometimes randomly send you back to s1, nothing to do with my binds as they aren't touched","tipjar","cant reproduce, please tell me which stage it happens on and how you do it","bro",79364588
"2020-06-16","surf_forbidden_tomb","s2 is lagged","leffe","not really","Robert",80969784
"2020-06-17","surf_frost","b4 spinehop\/slide","Liquidator","ty","Robert",
"2020-06-18","surf_fruits2","last stage missibg","leffe","yes go version doesnt have it","bro",80969784
"2020-06-16","surf_forbidden_tomb","s2 is lagged","leffe","not really","Robert",80969784
"2020-06-17","surf_frost","b4 spinehop\/slide","Liquidator","ty","Robert",
"2020-06-18","surf_fruits2","last stage missibg","leffe","yes go version doesnt have it","bro",80969784
"2020-06-18","surf_fruits2","4th ramp s9 broken on left side","Vlad the Inhaler","cant do anything about it","bro",144470270
"2020-06-18","surf_fruits2","last stage missibg","leffe","yes go version doesnt have it","bro",80969784
"2020-06-18","surf_fruits2","4th ramp s9 broken on left side","Vlad the Inhaler","cant do anything about it","bro",144470270
"2020-06-18","surf_borderlands","!gloves isnt working","\u272aPedrolium","disabled for now","bro",850709941
"2020-06-18","surf_666","stage6 surf_666 startzone slant is bhoppable","kiar","sure can block it","bro",233221358
"2020-06-19","surf_fabas","there's something wrong with the triggers on b4, you get reset every few tries on 3rd ramp","Liquidator","Should be fixed","Robert",353708445
"2020-06-19","surf_southpark_refix","surf_southpark_refix - a lot of places where you can get stuck on the first stag","PvBierny || Key-Drop.pl","yes, use !r or !rs to get back to the start","bro",989906842
"2020-06-19","surf_grid","lmao.. i did a jenocide b1 hit the end from below :l","cat xd","ty","Robert",208264715
"2020-06-19","surf_kloakk","getting triggerd sometimes when i hit the roof in the antigrav part on b2","leffe","yea pretty sure its intended, if you hit grey ceiling it will reset you - metal part should be fine","bro",80969784
"2020-06-20","surf_crystal","why is this s6 start zone so small, rng to get good start","leffe","changed to drop zone","bro",80969784
"2020-06-20","surf_take1","no bot","twitch.tv\/whz1gud","yea replay missing for some reason","bro",219496353
"2020-06-20","surf_methadone","wrcp s2 bhops a light. gay route","Wankie","blocked, time added","bro",67501684
"2020-06-21","surf_greensway","map is listed as a t1 on website, but as a t2 ingame","twerkster","fixeddddddd","Defy",120084621
"2020-06-21","surf_apollonian","s5 startzone sticks out on the sides","Wankie","fixed","bro",67501684
"2020-06-21","surf_infected","is it possible to laser the last ramp on infected?","&gt;:( \u0660 Payn","it already is (spec bug like you said maybe)","bro",149955734
"2020-06-22","surf_stoneage","countless of bad triggers on this map","HsK","most of them lowered already, the other ones would require recompile","bro",106711751
"2020-06-22","surf_frost","Can't see my own gloves neither can i use !gloves","Steenyz","fixed","Robert",
"2020-06-22","surf_simpsons_go_rc2","someone is drawing lights on the maps and it's fucking the maps and everything. Someone needs to get rid of that as it'","Freak. \u2122","dealt with","Robert",242607258
"2020-06-23","surf_bob","stage 1 bugged ","?! \u2256\u203f\u2256 jack","ty","Robert",144657043
"2020-06-23","surf_simpsons_go_rc2","gloves dont work","The FSM","Intended we might add gloves back soon","Robert",123560133
"2020-06-23","surf_y","poss to brighten up s8 ? or having paint","leffe","fixed","bro",
"2020-06-23","surf_y","alot of people having problem with s6 cause the boost is only on left side","leffe","fixed","bro",
"2020-06-23","surf_ultimatum","&quot;ultimatum needs fixed boosters&quot;","andrusken","made boosters visible","bro",284171510
"2020-06-24","surf_ghost_busters","bugged WR only s15 is done not any other stages","Saosin v2","monkaW","Robert",206981724
"2020-06-19","surf_southpark_refix","surf_southpark_refix - a lot of places where you can get stuck on the first stag","PvBierny || Key-Drop.pl","yes, use !r or !rs to get back to the start","bro",989906842
"2020-06-19","surf_grid","lmao.. i did a jenocide b1 hit the end from below :l","cat xd","ty","Robert",208264715
"2020-06-19","surf_kloakk","getting triggerd sometimes when i hit the roof in the antigrav part on b2","leffe","yea pretty sure its intended, if you hit grey ceiling it will reset you - metal part should be fine","bro",80969784
"2020-06-20","surf_crystal","why is this s6 start zone so small, rng to get good start","leffe","changed to drop zone","bro",80969784
"2020-08-24","surf_classics3_fix","s60 WRCP may be illegitimate SC. requesting admin review","HI-TECH USER","","",100855880
"2020-08-23","surf_summit","N O R T H Y spam","Donmessa","","",98194850
"2020-08-23","surf_summit","northy n-word","Donmessa","","",98194850
"2020-08-23","surf_solace","no triggers under s1 end setpos -7112.051270 8495.820313 -14719.906250;setang -4.890658 -86.107727 0.000000","Wankie","","",67501684
"2020-08-23","surf_rebel_scaz_njv","there's a spot on the begin wall if you go to the bottem of the ramp to early you lose all your speed and getting stopp","C9 DriverCheese","","",1095178680
"2020-08-23","surf_forbidden_ways_ksf","freddy micspam","Donmessa","","",98194850
"2020-08-22","surf_pantheon","nap1x","ClappedByJxnnis","","",1052893546
"2020-08-22","surf_pantheon","i wanna report user : Victorytello  talking about rape stuff alot ","Joe","","",4767547
"2020-08-22","surf_pantheon","everyone for being bad at surf","ItSocks","","",207328784
"2020-08-22","surf_neo_njv","The Punisher Use of r-word &amp; f-word","Donmessa","","",98194850
"2020-08-22","surf_lament_n2p","map way too hard pls remove","zucc","","",311407118
"2020-08-22","surf_izded","484 start units on s2?","Herm\u00e8s","","",289222444
"2020-08-22","surf_bob","im glitched","SzKNeo","","",225613281
"2020-08-21","surf_classics3_fix","vitva \/ reason : why u bully me ?","Joe","","",4767547
"2020-08-21","surf_aser","ganjy nword","Donmessa","","",98194850
"2020-08-20","surf_rez","some anoying kids in here ","\u272a Thomaster","","",104261362
"2020-08-20","surf_primero_njv","last ramp doesnt fucking work","Herm\u00e8s","","",289222444
"2020-08-20","surf_epic","s2 legal?","kakali","","",58335254
"2020-08-19","surf_utopia_njv","lee spam","Vivid","","",249658265
"2020-08-19","surf_ny_momentum_v3_1","what is this map honestly","Linkz","","",270291028
"2020-08-19","surf_beginner","\u05d9\u05e9 \u05dc\u05d9 \u05e7\u05e7\u05d9 \u05e7\u05e9\u05d4 \u05de\u05d0\u05d5\u05d3 \u05d5\u05e6\u05d5\u05d7\u05e7\u05d9\u05dd \u05e2\u05dc\u05d9","MR poposmiter","","",1086567240
"2020-08-19","surf_aircontrol_ksf","please fix b2 its litteraly unplayable","Herm\u00e8s","","",289222444
"2020-08-17","surf_take1","no map bot","Bengal Tygryski","","",77014206
"2020-08-17","surf_leet_xl_beta7z_","parts of map have random collision on ramps","Sir Reginald HymenSmasher","","",10976385
"2020-08-16","surf_mesa_revo","bloc","WSH man","","",
"2020-08-15","surf_dragon","Raystee","ferrets74563455","","",152197669
"2020-08-13","surf_skill8","ramp after cp1 is completely bugged and its like im bhop on it losing all my speed","kuedon","","",109579189
"2020-08-12","surf_southpark_refix","this map is fucking garbage remove it'","Charles","","",846151480
"2020-08-12","surf_beginner2","s6 is just gay","sillux","","",190057229
"2020-08-12","surf_abstinens","s2 end zone is a tad short..if u wanna cheese it for a good end and land on the edge u will briefly bhop and lose time","kuedon","","",109579189
"2020-08-11","surf_stonework2","the person who has the wr on stonework2 needs to be banned","Lil Chum","","",203560697
"2020-08-10","surf_forgotten","AstroBlazeTTV","????????????????????????","","",312431409
"2020-08-07","surf_satellite_fix","there is a guy named ninja here mic spamming","Spoon725","","",168875610
"2020-08-07","surf_ninja_sh","this fucking map is so retarded just remove it","Tardon","","",272739312
"2020-08-07","surf_kitsune_fix","glitch","hello im under the water","","",1035847585
"2020-08-06","surf_whiteout","napix","Timort","","",50057759
"2020-08-06","surf_funhouse2","savelocs makes you always float upwards","\u00e4res\u00e5","","",175090177
"2020-08-05","surf_whiteout","i report tjuppis he sayed &quot;chill man&quot; when im a gay !!","Joe","","",4767547
"2020-08-05","surf_gradient","ClappedByJxnnis","Elon Musk","","",411733349
"2020-08-04","surf_take1","there is no bot for the map","El Patron","","",883048478
"2020-08-03","surf_gradient","shouldn't maps get extended if they get 50%? The current map has been extended. (Received 45% of 22 votes)","Freak. \u2122","","",242607258
"2020-08-03","surf_garden_go","maps are extending with only 25% of people voting for map to extend. This is not acceptable. We need admins in Tier 1 ","Freak. \u2122","","",242607258
"2020-08-03","surf_deathstar","disan23 abusive voicechat","Dan","","",80407209
"2020-08-03","surf_beyond","Depending on how you finish S4 your starting position on S5 might change","Tjuppis","","",150799342
"2020-08-02","surf_lore_e","boost at beginning of s4 feels inconsistent. sometimes 300 units, sometimes 500 units...","kakali","","",
"2020-08-01","surf_surprise","a guy called lulunba1 is advertising a cheats website ","kuedon","","",
"2020-08-01","surf_plaguelands_beta7a","ps when using !ps you still dont get to spec the but but a random player on the server","NiFF","","",200542870
"2020-08-01","surf_ny_momentum_v3_1","itamarpc","Clawz","","",79568660
"2020-07-30","surf_utopia_njv","Timort racial abuse in chat","Sab \u30c4","","",86202659
"2020-07-30","surf_classics2","the loc timer is broken. its time is several seconds too slow when i do s8. it may be because a reset with units","kakali","","",58335254
"2020-07-30","surf_classics2","i reset at about 7 sec and thats the difference","kakali","","",58335254
"2020-07-28","surf_liberation","i sometimes get tele on s5. gives me heartattacks :\/","kakali","","",58335254
"2020-07-28","surf_gradient","this whole map is shit","jamal","","",893180110
"2020-07-27","surf_rapid_fix","im fucking shit","Faake","","",393713748
"2020-07-27","surf_classics2","honestly, this map should be removed. of all the maps ive surfed, this is the only painful one.","kakali","","",58335254
"2020-07-26","surf_masonry","remove all my records , ty","leffe","","",80969784
"2020-07-26","surf_elements_beta3","bonus glitched on surf_elements_3","Ninjah Koda","","",224200970
"2020-07-26","surf_compulsive_h","s1 endzone is so low, is it possible to raise it?","kakali","","",58335254
"2020-07-25","surf_minecraft_2020","stage 3 ramp is buggy as hell","Nemesis [NL]","","",39210920
"2020-07-25","surf_happyhands2","&quot;asdf?&quot; toxicity https:\/\/gyazo.com\/b5304a622abad561097941763415b799","NotReppy","","",1060567311
"2020-07-23","surf_summer","when i do playstage i spec a random player, not the bot. it has been happening recently","kakali","","",58335254
"2020-07-22","surf_overgrowth2","s4 bugged idk how","\u1d38\u02e2Pignu","","",244891175
"2020-07-21","surf_premium","crap map aint even centered starzones","SikQ'","","",25111148
"2020-07-21","surf_ardon_refix","doesnt say i have a rank on map on leaderboard","Fus SE RAH \u10dd","","",166912487
"2020-07-16","surf_sup","&quot;Stage 9 is already being played!&quot; its not","kakali","","",58335254
"2020-07-13","surf_fruits","s7 lagged","leffe","","",80969784
"2020-06-20","surf_take1","no bot","twitch.tv\/whz1gud","yea replay missing for some reason","bro",219496353
"2020-06-20","surf_methadone","wrcp s2 bhops a light. gay route","Wankie","blocked, time added","bro",67501684
"2020-06-21","surf_greensway","map is listed as a t1 on website, but as a t2 ingame","twerkster","fixeddddddd","Defy",120084621
"2020-06-21","surf_apollonian","s5 startzone sticks out on the sides","Wankie","fixed","bro",67501684
"2020-08-26","surf_mesa_revo","i have my weapons out but i cant switch between them","toxic dim","","",
"2020-08-27","surf_ny_momentum_v3_1","id : 76561199003671209 reason : being ****** ","Widote Papote","","",46212519
"2020-08-27","surf_not_so_beginner","this map sucks dick","djaggerx","","",311863846
"2020-06-21","surf_infected","is it possible to laser the last ramp on infected?","&gt;:( \u0660 Payn","it already is (spec bug like you said maybe)","bro",149955734
"2020-06-22","surf_stoneage","countless of bad triggers on this map","HsK","most of them lowered already, the other ones would require recompile","bro",106711751
"2020-06-22","surf_frost","Can't see my own gloves neither can i use !gloves","Steenyz","fixed","Robert",
"2020-06-22","surf_simpsons_go_rc2","someone is drawing lights on the maps and it's fucking the maps and everything. Someone needs to get rid of that as it'","Freak. \u2122","dealt with","Robert",242607258
"2020-06-23","surf_bob","stage 1 bugged ","?! \u2256\u203f\u2256 jack","ty","Robert",144657043
"2020-06-23","surf_simpsons_go_rc2","gloves dont work","The FSM","Intended we might add gloves back soon","Robert",123560133
"2020-06-23","surf_y","poss to brighten up s8 ? or having paint","leffe","fixed","bro",
"2020-06-23","surf_y","alot of people having problem with s6 cause the boost is only on left side","leffe","fixed","bro",
"2020-08-27","surf_reflex","crenp n word","s5 impossible, rtv","","",366463967
"2020-08-27","surf_wew","Thing379 Hack-site promotion","Nemesis [NL]","","",39210920
"2020-08-29","surf_utopia_njv","MK micspam","Simaa","","",131597239
"2020-08-30","surf_casbah","my !r command doesnt work","TTaiiLs","","",218123293
"2020-08-30","surf_frost","voice abuse","AJ ,':)","","",
"2020-08-31","surf_beyond","NippleSucker1978","Un4gott3n","","",28781045
"2020-09-01","surf_calzone","NuRimo mic abuse","pog","","",842077587
"2020-09-02","surf_singletons","TOO FUCKING HARD","Duckle duck \u2665","","",352307300
"2020-09-02","surf_tensile_njv","a guy playing music ","\u272a Thomaster","","",104261362
"2020-09-02","surf_legends","map shit","pog","","",842077587
"2020-06-21","surf_infected","is it possible to laser the last ramp on infected?","&gt;:( \u0660 Payn","it already is (spec bug like you said maybe)","bro",149955734
"2020-06-22","surf_stoneage","countless of bad triggers on this map","HsK","most of them lowered already, the other ones would require recompile","bro",106711751
"2020-06-22","surf_frost","Can't see my own gloves neither can i use !gloves","Steenyz","fixed","Robert",
"2020-06-22","surf_simpsons_go_rc2","someone is drawing lights on the maps and it's fucking the maps and everything. Someone needs to get rid of that as it'","Freak. \u2122","dealt with","Robert",242607258
"2020-06-23","surf_bob","stage 1 bugged ","?! \u2256\u203f\u2256 jack","ty","Robert",144657043
"2020-06-23","surf_simpsons_go_rc2","gloves dont work","The FSM","Intended we might add gloves back soon","Robert",123560133
"2020-06-23","surf_y","poss to brighten up s8 ? or having paint","leffe","fixed","bro",
"2020-06-23","surf_y","alot of people having problem with s6 cause the boost is only on left side","leffe","fixed","bro",
"2020-06-23","surf_ultimatum","&quot;ultimatum needs fixed boosters&quot;","andrusken","made boosters visible","bro",284171510
"2020-07-04","surf_kloakk","b2wr nice spinehops broo","Wankie","","",67501684
"2020-08-11","surf_garden_h_go","b2 lagged start?","Liquidator","","",353708445
"2020-08-11","surf_hades2","b1 spinehop","Liquidator","","",353708445
"2020-08-12","surf_stitched","sometimes it is possible to get 200 more units on start boost","Rotkif","","",131008146
"2020-08-14","surf_thicket","remove s2 wrcp","Liquidator","","",353708445
"2020-08-26","surf_nyx","checkpoint b3 before the surf ramp broken, I got stuck in the wall multiple times","StonedNinja","","",61510768
"2020-08-26","surf_classics2","wrcp7 not right bot","Wankie","","",67501684
"2020-09-01","surf_germania","s5 3rd last ramp right side cant be tagged by spray","Saosin v2","","",206981724
"2020-09-03","surf_classics","marcus","Commend Me :D","","",257863307
"2020-09-04","surf_calamity_njv","jonz","BtK TaLenTz","","",1096334914
"2020-09-05","surf_beyond","ALT + SHIFT","Kermite","","",1114288563
"2020-09-05","surf_misc","s5 wrcp legal?","Kakali","","",58335254
"2020-09-07","surf_whiteout","starboyg rambling on abt fucking my mom","pog","","",842077587
"2020-09-07","surf_whiteout","starboyg unleashes stupidity in chat","kickboxingsun","","",157735650
"2020-09-07","surf_whiteout","StarBoyG` Extremely toxic","twitch.tv\/Zeesop","","",51497184
"2020-09-08","surf_borderlands","corona","MICHELANGELO","","",894041513
"2020-09-08","surf_pantheon","ostrich","Commend Me :D","","",257863307
"2020-09-08","surf_beverages_remix_go","Ostrich is playing music and for some reason I can't mute him through commands, it's really annoying as fuck..",".Laws^","","",51329798
"2020-06-21","surf_infected","is it possible to laser the last ramp on infected?","&gt;:( \u0660 Payn","it already is (spec bug like you said maybe)","bro",149955734
"2020-06-22","surf_stoneage","countless of bad triggers on this map","HsK","most of them lowered already, the other ones would require recompile","bro",106711751
"2020-06-22","surf_frost","Can't see my own gloves neither can i use !gloves","Steenyz","fixed","Robert",
"2020-09-12","surf_how2surf","stage 29 rampbug","Blaze","","",80938715
"2020-06-22","surf_simpsons_go_rc2","someone is drawing lights on the maps and it's fucking the maps and everything. Someone needs to get rid of that as it'","Freak. \u2122","dealt with","Robert",242607258
"2020-09-14","surf_sacrifice","think he gets a rng bhop on b1 first ramp","Dex. \u0e51\ufb65\u2122","","",88296420
"2020-06-23","surf_bob","stage 1 bugged ","?! \u2256\u203f\u2256 jack","ty","Robert",144657043
"2020-06-23","surf_simpsons_go_rc2","gloves dont work","The FSM","Intended we might add gloves back soon","Robert",123560133
"2020-06-23","surf_y","poss to brighten up s8 ? or having paint","leffe","fixed","bro",
"2020-06-23","surf_y","alot of people having problem with s6 cause the boost is only on left side","leffe","fixed","bro",
"2020-06-23","surf_ultimatum","&quot;ultimatum needs fixed boosters&quot;","andrusken","made boosters visible","bro",284171510
"2020-06-24","surf_ghost_busters","bugged WR only s15 is done not any other stages","Saosin v2","monkaW","Robert",206981724
"2020-09-15","surf_quarantine","dex's report on sacrifice b1 is about liquidators time, i didnt bhop.","HsK","","",106711751
"2020-09-15","surf_lovetunnel_fix","this map is a lot time without votes\\","Behance","","",1023730978
"2020-09-16","surf_ethereal","he used the rings on s3 for wrcp","Herm\u00e8s","","",
"2020-09-16","surf_simpsons_go_rc2","I eat dog meat","Frozen","","",928716733
"2020-09-17","surf_andromeda","glitch","fURXER","","",80218700
"2020-09-22","surf_ameliorate","trash","Fonde","","",
"2020-06-23","surf_ultimatum","&quot;ultimatum needs fixed boosters&quot;","andrusken","made boosters visible","bro",284171510
"2020-06-24","surf_ghost_busters","bugged WR only s15 is done not any other stages","Saosin v2","monkaW","Robert",206981724
"2020-06-24","surf_classics","did s9-10 telehop, should probably be removed","andrusken","ty, telehop blocked","bro",284171510
"2020-09-23","surf_deathstar","Donsyfon ","Detelinac","","",968237917
"2020-09-23","surf_deathstar","&quot;CEO OF SWAG&quot; &quot;spam&quot;","\u272a nemixdev","","",185477078
"2020-09-24","surf_southpark_refix","im gay","Fenix","","",849806119
"2020-06-24","surf_classics","did s9-10 telehop, should probably be removed","andrusken","ty, telehop blocked","bro",284171510
"2020-06-25","surf_lovetunnel","timer not wokrinng","oyeano","not able to reproduce, report again if it happens","bro",1068068943
"2020-06-25","surf_pox","the tp sends me to the spine of the ramp 9\/10 times","kakali","sends you to the middle, choose a side quickly","Robert",58335254
"2020-06-25","surf_beyond","gloves","Tr!x","disabled for now","bro",16438233
"2020-06-26","surf_666","s6 antibhop messed up start of stage","Emma","should be better now","bro",38458798
"2020-06-26","surf_singletons","stage 3 if you surf on the right you sometimes get stuck","KleineSmok","cant fix without recompile","bro",70973371
"2020-09-19","surf_akai_final","got 5 cs crashes on connecting to surf_akai_final","kickboxingsun","","",157735650
"2020-06-27","surf_sandtrap2","run resets randomly after cp2","Ziif","should be fixed","bro",
"2020-06-28","surf_kitsune_fix","can u add so u can see your !cpr in chat cause some people including me surfs without the hud","leffe","yes soon","Robert",80969784
"2020-06-28","surf_666","no replay for b6","twitch.tv\/redvenomsurf","yeah for some reason it didnt save for b6, unluko","bro",463273158
"2020-06-28","surf_crzyfrog_reloaded","someone is playing music all the time or playing sound effects in voice chat which is very annoying.","BiBaBever","next time contact an admin on discord or use !sm to mute","bro",173442667
"2020-06-28","surf_classics3_fix","maps with so many stages should be having bots that show you how to do the stage","Mios","if youre a vip you can replay stages with !playstage command","bro",199819087
"2020-06-28","surf_classics3_fix","these fkin spine rides.. s26 was completely fine and fun to play before ppl ruined it with rng spine hops","twitch.tv\/redvenomsurf","blocked","bro",463273158
"2020-06-28","surf_trance_ksf","bonus record has a glitched boost","?! \u2256\u203f\u2256 jack","yes, removed","brobert",144657043
"2020-06-28","surf_gleam2","on this stupid map best recorder (bot) is going at least doubled as normal speed","Mios","okay","Robert",199819087
"2020-06-28","surf_aircontrol_ksf","i think b2 got a super boost","?! \u2256\u203f\u2256 jack","yes","bro",144657043
"2020-06-30","surf_iceworld","New Grizvill08 is toggling and flying around and no clipping he is sitting in spawn afk rn acting like he did nothing","Big Ed","I will call Gaben","Robert",1089600112
"2020-07-01","surf_pyramid","b6 is cheated","Gorange","yes, make a fix version with triggers","bro",62124394
"2020-07-02","surf_mwag_reloaded","my s10 replay bugged","khonat","ty","Robert",230126971
"2020-07-02","surf_y","i think replays r bugged overall since my s7 replay also fked","khonat","ty","Robert",
"2020-07-02","surf_forgotten","uredead admineabuse","SLGW","no admin with that name, please report again if you have more information","bro",118126711
"2020-07-03","surf_exurbia_v2","another wrcp replay didnt save","latosaysikasi","investigating","Robert",162106814
"2020-07-03","surf_mokuzai","t5 ingame t4 on website","Emma","fixed","Robert",38458798
"2020-07-04","surf_derpis_ksf","can we have rank position in the hud?","815","ty suggestion","Robert",162440937
"2020-07-04","surf_kloakk","b2wr nice spinehops broo","Wankie","nope","Robert",67501684
"2020-10-03","surf_calycate2","retarded Hollanders talking about race","Captain Hindsight","","",11242456
"2020-10-06","surf_legends","begginner","pog","","",842077587
"2020-09-28","surf_intra","I get 4 fps at the anti-gravity part before the end (linux)","jkdsk","","",126379536
"2020-10-10","surf_fornax","activezuk","Lezly","","",
"2020-10-10","surf_leet_xl_beta7z_","worst map ever, everything is buggy glitchy and its super ugly","NooNoo","","",120027594
"2020-10-11","surf_simpsons_go_rc2","JUUT123 just is being a dick head","pog","","",842077587
"2020-10-12","surf_aser","-sdy","Vae Victoribus","","",46912538
"2020-10-13","surf_minecraft_2016_final","grain aimbot","grain","","",1043589040
"2020-10-13","surf_amplitude_encore","no bot","Emma","","",38458798
"2020-10-13","surf_egypt2","illegal bonus route?","erkster","","",120084621
"2020-10-13","surf_egypt2","bonus fucked","Charlie\u2122","","",126179276
"2020-10-13","surf_egypt2","egypt2 bonus skip","81579182","","",240010037
"2020-10-13","surf_borderlands","a legit lawyer hes annoying and a dickhead","pog","","",842077587
"2020-10-14","surf_666","s3 lagged","leffe","","",80969784
"2020-07-02","surf_mwag_reloaded","my s10 replay bugged","khonat","ty","Robert",230126971
"2020-07-02","surf_y","i think replays r bugged overall since my s7 replay also fked","khonat","ty","Robert",
"2020-07-02","surf_forgotten","uredead admineabuse","SLGW","no admin with that name, please report again if you have more information","bro",118126711
"2020-07-03","surf_exurbia_v2","another wrcp replay didnt save","latosaysikasi","investigating","Robert",162106814
"2020-10-11","surf_whiteout","Bug Stucked at Stage 6\/6 at the beginning ","*Kris","","",888881407
"2020-07-03","surf_mokuzai","t5 ingame t4 on website","Emma","fixed","Robert",38458798
"2020-07-04","surf_derpis_ksf","can we have rank position in the hud?","815","ty suggestion","Robert",162440937
"2020-07-04","surf_kloakk","b2wr nice spinehops broo","Wankie","nope","Robert",67501684
"2020-07-05","surf_froots_ksf","s14 replay?","Liquidator","ty","Robert",353708445
"2020-07-07","surf_classics2","can we have lasers on s3?","kakali","done","bro",58335254
"2020-10-19","surf_rez2","s4 bot broken","Pign\u00fc","","",
"2020-07-08","surf_leet_xl_beta7z_","kusche replay is +00 28 but says its +00 06 ","twitch.tv\/whz1gud","old replay not from his current run","Robert",219496353
"2020-07-08","surf_legends","i can't validate my time when i finish this map","kibab","please report again if it happens, are you sure you landed on the right platform for end?","bro",95975220
"2020-08-19","surf_awakening","can you make !toggleadds disable server advertisements too?","t\u00f6h\u00f6","","",195456787
"2020-10-24","surf_004_fix","b1 +left\/+right strafebinds","Liquidator","","",353708445
"2020-10-26","surf_sandtrap","Replay BOTs are laggy as f**k ! They barely display 5fps ; some others are watching a weird angle (totally out)","StriK3","","",44629397
"2020-07-08","surf_fast","make b2 doable solo","granis","no","Robert",38142345
"2020-07-09","surf_sanctuary","surf_sanctuary b2 start cheat by going back in zone ","hi","fixed","bro",231420627
"2020-07-11","surf_reprise","surf_reprise has a bug in the last few ramps. You get a lot of lagging. Not sure how to explain.","Freak. \u2122","yes, its a landmark teleport.. nothing we can do about it","bro",
"2020-07-11","surf_orthodox_fix","s4 start lag","twitch.tv\/redvenomsurf","","",463273158
"2020-07-12","surf_klue","the map has really unmeshed edges, you get stuck on them very easily","\u272aMouseBiceps\u272a","unfortunate","Robert",54426042
"2020-07-13","surf_cyka_ksf","s4 finish has a bunch of triggers","Gorange","yes","Robert",62124394
"2020-07-13","surf_fruits","s7 lagged","leffe","ty","Robert",80969784
"2020-07-13","surf_heaven_njv","these bhops on bonus is so rng","leffe","ok","Robert",80969784
"2020-10-29","surf_happyhug","surf_happyhug, tier 4, are you sure about that?","iNooVa","","",169834495
"2020-07-14","surf_psycho","block this s5 start","leffe","looks fine","Robert",80969784
"2020-07-14","surf_sinister2","can you place triggers under this ramp? setpos -1938.914307 2436.426270 6536.093750;setang -52.228146 -91.591034 0.0000","Wankie","done","bro",67501684
"2020-07-15","surf_classics","remove axiom2","iNooVa","ok","Robert",169834495
"2020-07-16","surf_sup","&quot;Stage 9 is already being played!&quot; its not","kakali","ty!","Robert",58335254
"2020-07-16","surf_finesse_final","s2 can u remove spinehop and remove nojump at last window","khonat","no sir","Robert",230126971
"2020-07-16","surf_forbidden_tomb3","s3 lag","khonat","fixed","Robert",230126971
"2020-07-16","surf_abyss_fix","s2 abyss retard spinehop","kusche","ty","Robert",114147562
"2020-07-17","surf_hotwheels","b3 ramp #5 i keep hitting an unseen bump on the ramp","tipjar","ramp bug, nothing we can do","bro",79364588
"2020-07-17","surf_acp_fix","bugged in tree stage 4","\u0434\u0443\u0433\u0435\u0440(duger)","use !rs to respawn, not allowed to bhop there","bro",96031921
"2020-07-18","surf_psycho","cannot nominate surf_fungus on #6","Wankie","ty","Robert",67501684
"2020-07-19","surf_pyramid","bonus 6 legal?","kakali","yes","Robert",58335254
"2020-07-21","surf_premium","crap map aint even centered starzones","SikQ'","they are fine now","bro",25111148
"2020-07-21","surf_warped","tier 4 map (serf_warped) on T2-3 server","iNooVa","Thanks!","Robert",
"2020-07-21","surf_ardon_refix","doesnt say i have a rank on map on leaderboard","Fus SE RAH \u10dd","should be fixed","Robert",166912487
"2020-07-22","surf_methadone","Methadone has a box to show bonus2 times on the site. However, there is no bonus2","Smeerpaup","Thanks!","Robert",109748884
"2020-11-04","surf_legends","no fog and no jail, renders the map kinda useless","Flameboye Jarmaine","","",55277461
"2020-11-04","surf_4head_csgo","redstone-engineer obv chat reasons.","s5 impossible, rtv","","",366463967
"2020-11-04","surf_4head_csgo","deathisreal offensive","s5 impossible, rtv","","",366463967
"2020-11-04","surf_4head_csgo","redstone engineer chat reasons","yoda gaming","","",161510576
"2020-11-04","surf_zor","Professional redstone-engineer is spaming the chat with insults to anyone. its not the first day","Captain Subox","","",32964044
"2020-11-05","surf_gradient","yapacag\u0131n\u0131z mapi sikiyim","holyjesus","","",852857937
"2020-11-06","surf_christmas2_fix","s4 wrcp and maybe r2 too get weird +100 units from start boost?","erk","","",120084621
"2020-11-06","surf_christmas2_fix","nvm that speed just displayed different my bad","erk","","",120084621
"2020-11-08","surf_lianfora","abdo","\u272a abdo","","",948543196
"2020-11-08","surf_sunnyhappylove","map sucks","ojelly","","",918165770
"2020-11-08","surf_sunnyhappylove","theres a guy who thinks hes above god ","Chungus","","",1069135951
"2020-11-09","surf_how2surf","stuck","\u042f \u043d\u0435\u043d\u0430\u0432\u0438\u0436\u0443 \u0440\u0443\u0441\u0441\u043a","","",1062163176
"2020-11-09","surf_not_so_beginner","!ps not working","Emma","","",38458798
"2020-11-10","surf_artifex","nightmare bonus1 times are cheesed","\u1d38\u02e2Kahvo","","",181685241
"2020-11-10","surf_noble","s3 rngfix remove lol","khonat","","",230126971
"2020-11-10","surf_tronia","there is no reason why s4 endzone is this slow","leffe","","",80969784
"2020-11-10","surf_neo_njv","napix admin abuse mute for no reson","\u2b55\u20e4 Jambo420 \u262d","","",361345130
"2020-11-10","surf_neo_njv","napix admin abuse .. mute for no reason","\u2b55\u20e4 Jambo420 \u262d","","",361345130
"2020-11-10","surf_neo_njv","napix admin abuse kick me and mute me for no reason","\u2b55\u20e4 Jambo420 \u262d","","",361345130
"2020-11-10","surf_neo_njv","nap1x accusing me of bieng racist now because he knows hes wrong... fuck that little bitch","\u2b55\u20e4 Jambo420 \u262d","","",361345130
"2020-07-16","surf_abyss_fix","s2 abyss retard spinehop","kusche","ty","Robert",114147562
"2020-07-17","surf_hotwheels","b3 ramp #5 i keep hitting an unseen bump on the ramp","tipjar","ramp bug, nothing we can do","bro",79364588
"2020-07-17","surf_acp_fix","bugged in tree stage 4","\u0434\u0443\u0433\u0435\u0440(duger)","use !rs to respawn, not allowed to bhop there","bro",96031921
"2020-07-18","surf_psycho","cannot nominate surf_fungus on #6","Wankie","ty","Robert",67501684
"2020-07-19","surf_pyramid","bonus 6 legal?","kakali","yes","Robert",58335254
"2020-07-21","surf_premium","crap map aint even centered starzones","SikQ'","they are fine now","bro",25111148
"2020-07-21","surf_warped","tier 4 map (serf_warped) on T2-3 server","iNooVa","Thanks!","Robert",
"2020-07-21","surf_ardon_refix","doesnt say i have a rank on map on leaderboard","Fus SE RAH \u10dd","should be fixed","Robert",166912487
"2020-07-22","surf_methadone","Methadone has a box to show bonus2 times on the site. However, there is no bonus2","Smeerpaup","Thanks!","Robert",109748884
"2020-07-23","surf_summer","when i do playstage i spec a random player, not the bot. it has been happening recently","kakali","seems like robert fixed, report again if it happens","bro",58335254
"2020-07-25","surf_minecraft_2020","stage 3 ramp is buggy as hell","Nemesis [NL]","not much we can do about that","bro",39210920
"2020-07-26","surf_compulsive_h","s1 endzone is so low, is it possible to raise it?","kakali","same on normal version, will keep it like this for consistency","bro",58335254
"2020-07-26","surf_elements_beta3","bonus glitched on surf_elements_3","Ninjah Koda","not able to reproduce, report again if it happens","bro",224200970
"2020-07-27","surf_happyhands","please just make the beginning of this map (the place you spawn at) brown, otherwise my eyes will explode from the whit","DragonTimer","not possible without recompiling","bro",283895784
"2020-07-28","surf_liberation","i sometimes get tele on s5. gives me heartattacks :\/","kakali","fixed","bro",58335254
"2020-07-30","surf_classics2","the loc timer is broken. its time is several seconds too slow when i do s8. it may be because a reset with units","kakali","yes probably something with re-entering zone","Robert",58335254
"2020-07-30","surf_utopia_njv","Timort racial abuse in chat","Sab \u30c4","2 week mute added, next time permanent","bro",86202659
"2020-07-31","surf_compulsive_h","surf_compulsive_h is wrcp1 db legal?","godlike","of course not","brobert",410079747
"2020-08-01","surf_plaguelands_beta7a","ps when using !ps you still dont get to spec the but but a random player on the server","NiFF","should work better now","Robert",200542870
"2020-08-02","surf_lore_e","boost at beginning of s4 feels inconsistent. sometimes 300 units, sometimes 500 units...","kakali","ty","Robert",
"2020-08-04","surf_take1","there is no bot for the map","El Patron","ty","Robert",883048478
"2020-08-08","surf_overgrowth2","s4 wrcp hax","Heko","ty","Robert",97780194
"2020-08-10","surf_stonework2","you can complete bonus 1 without the timer stoping(?)","Tjuppis","type !b first","Robert",150799342
"2020-08-11","surf_garden_h_go","b2 lagged start?","Liquidator","No","Robert",353708445
"2020-08-11","surf_hades2","b1 spinehop","Liquidator","perfectly fine","Robert",353708445
"2020-08-12","surf_abstinens","s2 end zone is a tad short..if u wanna cheese it for a good end and land on the edge u will briefly bhop and lose time","kuedon","it is what it is","Robert",109579189
"2020-08-15","surf_forgotten","b3 forgotten pls check its kinda fishy start tbh but no idea how hes got those extra units","xd cat","","",208264715
"2020-09-09","surf_s_t_a_t_i_o_n","s4 fix stupid booster","latosaysikasi","","",162106814
"2020-09-20","surf_quickie","b3 lagged","jovi =D","","",866587375
"2020-10-01","surf_mate","b1 end bhop","jovi =D","","",866587375
"2020-10-03","surf_bork_nbv","s6 bot kinda broken","Herm\u00e8s","","",289222444
"2020-10-06","surf_christmas2_fix","constant lagging s9 christmas2","Burstz_Bbe &lt;3","","",1000329865
"2020-10-06","surf_cannonball","b2 bhop on ledge","Sketchy","","",49314674
"2020-10-07","surf_network2008_final","nice spinehops","leffe","","",80969784
"2020-10-14","surf_forgotten","b3 bhop trigger","jovi =D","","",866587375
"2020-10-19","surf_simpsons_go_rc2","s9 bugged wrcp","erkster","","",120084621
"2020-10-27","surf_rookie","i pretty sure he lagged s10 start. ","konga","","",893785824
"2020-10-27","surf_zbig_rc2","s3 cp lagged?","Pign\u00fc","","",244891175
"2020-11-15","surf_fornax","out of map Bonus 1 at finish","The Song of Ariaclipse","","",
"2020-11-19","surf_lt_unicorn_official","there is a bug on last S2 ramp where you can get stopped right off with no reason. discord me I can reproduce at will","t.tv\/TheWildHealer - LIVE","","",243358953
"2020-11-20","surf_rebel_scaz_njv","when you get to the end of the start slide, on the right site of the middle slide, there are 2spots with stoppingpoints","Jonge ZaBBeL GieZ","","",202518108
"2020-11-26","surf_whiteout","myself","Leonard","","",307614416
"2020-08-12","surf_stitched","sometimes it is possible to get 200 more units on start boost","Rotkif","enjoy :)","Robert",131008146
"2020-08-13","surf_skill8","ramp after cp1 is completely bugged and its like im bhop on it losing all my speed","kuedon","yeah it's a bad one","Robert",109579189
"2021-01-05","surf_fornax","suck my weewee","Mineral Man","","",
"2021-01-05","surf_fornax","w22 called me a nigger","Mineral Man","","",
"2020-08-14","surf_thicket","remove s2 wrcp","Liquidator","ty","Robert",353708445
"2020-08-15","surf_forgotten","b3 forgotten pls check its kinda fishy start tbh but no idea how hes got those extra units","xd cat","Just creative use of boost","Robert",208264715
"2020-08-17","surf_take1","no map bot","Bengal Tygryski","yes replay missing, would have to beat map again","bro",77014206
"2020-08-19","surf_ny_momentum_v3_1","what is this map honestly","Linkz","thats a good question, i do not have an answer","bro",270291028
"2020-08-19","surf_aircontrol_ksf","please fix b2 its litteraly unplayable","Herm\u00e8s","might be better now","bro",289222444
"2020-08-20","surf_epic","s2 legal?","kakali","yes","bro",58335254
"2021-01-08","surf_commune_too_beta5","website says t4, !m says t3","erk","","",120084621
"2021-01-10","surf_leet_xl_beta7z_","weird walls","Olamio","","",298981880
"2021-01-11","surf_axiom","block bhop at b2 possible without it :)","juve","","",847307906
"2020-08-20","surf_epic","bhop in s1 legal?","kakali","not much different from other bhop","bro",58335254
"2020-08-22","surf_izded","484 start units on s2?","Herm\u00e8s","ty","Robert",289222444
"2020-08-23","surf_solace","no triggers under s1 end setpos -7112.051270 8495.820313 -14719.906250;setang -4.890658 -86.107727 0.000000","Wankie","ty, added","bro",67501684
"2021-01-12","surf_sandman_v2","Maciek","Chuderlaczek","","",997199162
"2021-01-12","surf_compulsive_h","before getting to stage 4 and doing !r its the t3 map","Burstz_Bbe &lt;3","","",1000329865
"2020-08-24","surf_classics3_fix","s60 WRCP may be illegitimate SC. requesting admin review","HI-TECH USER","yes not allowed, blocked","bro",100855880
"2020-08-25","surf_ambient_njv","triggers in the tube are high setpos -7463.400391 -8184.519043 -6815.621582;setang 56.053486 7.142908 0.000000","Wankie","lowered trigger","bro",67501684
"2020-08-25","surf_blackheart","b1 to end is broken","ThatGuyDusty","fixed","bro",73006379
"2021-01-14","surf_fiellu","elon too slow","seP.","","",125724196
"2021-01-14","surf_gradient","unmute?","lutituti--huawei+P20++pro","","",257828240
"2021-01-15","surf_whiteout","&lt;easy map&gt;","Ashkan","","",116402480
"2021-01-06","surf_rooftopsv2","Obamarang","KovacZ","","",863643187
"2021-01-06","surf_nyx","ambient sound","T0MMIH0MMI","","",286072106
"2021-01-07","surf_nyx","this map is glitched af","Kermit","","",1151764217
"2021-01-15","surf_garden_go","unmute me","lutituti--huawei+P20++pro","","",257828240
"2020-08-24","surf_classics3_fix","s60 WRCP may be illegitimate SC. requesting admin review","HI-TECH USER","yes not allowed, blocked","bro",100855880
"2020-08-25","surf_ambient_njv","triggers in the tube are high setpos -7463.400391 -8184.519043 -6815.621582;setang 56.053486 7.142908 0.000000","Wankie","lowered trigger","bro",67501684
"2020-08-25","surf_blackheart","b1 to end is broken","ThatGuyDusty","fixed","bro",73006379
"2020-08-26","surf_mesa_revo","i have my weapons out but i cant switch between them","toxic dim","disable sidehud with !sidehud or switch weapons with Q","bro",
"2020-08-26","surf_classics2","wrcp7 not right bot","Wankie","unlucky","Robert",67501684
"2020-08-27","surf_wew","Thing379 Hack-site promotion","Nemesis [NL]","ty","Robert",39210920
"2020-08-29","surf_borderlands","some maps are just too dark and somethimes is really hard to see and play, for the rest really enjoy the server ","Ibiza????","use mat_monitor_gamma to make maps brighter and always play in fullscreen mode","bro",872977332
"2020-09-01","surf_germania","s5 3rd last ramp right side cant be tagged by spray","Saosin v2","unfortunate","Robert",206981724
"2020-09-05","surf_misc","s5 wrcp legal?","Kakali","Yes sir thats the s5 route ever since map was added many years ago","Robert",58335254
"2021-01-17","surf_rookie","this map isa gay","Logic","","",1170108973
"2021-01-17","surf_rookie","i was joking","Logic","","",1170108973
"2021-01-17","surf_sensation_fix","Timer got dollar sign in front of &quot;Time : &quot; any way to remove this bug?","wiuuuh","","",178163562
"2021-01-17","surf_sensation_fix","3 players on server 8% loss sometimes on net_graph wtf.","wiuuuh","","",178163562
"2021-01-19","surf_coralis_ksf","UNMUTE ","lutituti--huawei+P20++pro","","",257828240
"2021-01-20","surf_olympics","test","abdo","","",948543196
"2020-08-27","surf_wew","Thing379 Hack-site promotion","Nemesis [NL]","ty","Robert",39210920
"2020-08-29","surf_borderlands","some maps are just too dark and somethimes is really hard to see and play, for the rest really enjoy the server ","Ibiza????","use mat_monitor_gamma to make maps brighter and always play in fullscreen mode","bro",872977332
"2021-01-23","surf_ny_momentum_v3_1","RafaMonteiro06 KeyDrop.com STEAM_1:1:213946666 spamming chat begging for steam rep","Lordofdafood","","",25212411
"2020-09-01","surf_germania","s5 3rd last ramp right side cant be tagged by spray","Saosin v2","unfortunate","Robert",206981724
"2020-09-05","surf_misc","s5 wrcp legal?","Kakali","Yes sir thats the s5 route ever since map was added many years ago","Robert",58335254
"2020-09-09","surf_s_t_a_t_i_o_n","s4 fix stupid booster","latosaysikasi","no","Robert",162106814
"2020-09-11","surf_bork_nbv","fix map endzone lmao","latosaysikasi","ty","Robert",162106814
"2020-09-12","surf_how2surf","stage 29 rampbug","Blaze","not much we can do about that, sorry","bro",80938715
"2020-09-15","surf_quarantine","dex's report on sacrifice b1 is about liquidators time, i didnt bhop.","HsK","its been resolved","bro",106711751
"2021-01-24","surf_pinkcubes_fix","WATCH ME","-\u0434\u0437\u0435\u043b\u0435\u0442\u043e\u0432\u0438\u0446-","","",1075320641
"2021-01-25","surf_satellite_fix","this map is shit","faceit lvl 15","","",1173167622
"2021-01-25","surf_aweles","stage 5 low part of the ramp makes you stop","baseo","","",39098156
"2021-01-26","surf_psycho","CANT SEE SHIT","Tom\u265b","","",974938683
"2021-01-26","surf_utopia_njv","im stuck on the left side of the second ramp, no speed, it just blocked me","loimax \u30c4","","",347798123
"2021-01-27","surf_rebel_scaz_njv","on the right side of the 1st ramp at the end something's blocking me every time for no reason","loimax \u30c4","","",347798123
"2020-09-01","surf_germania","s5 3rd last ramp right side cant be tagged by spray","Saosin v2","unfortunate","Robert",206981724
"2020-09-05","surf_misc","s5 wrcp legal?","Kakali","Yes sir thats the s5 route ever since map was added many years ago","Robert",58335254
"2020-09-09","surf_s_t_a_t_i_o_n","s4 fix stupid booster","latosaysikasi","no","Robert",162106814
"2020-09-11","surf_bork_nbv","fix map endzone lmao","latosaysikasi","ty","Robert",162106814
"2020-09-12","surf_how2surf","stage 29 rampbug","Blaze","not much we can do about that, sorry","bro",80938715
"2020-09-15","surf_quarantine","dex's report on sacrifice b1 is about liquidators time, i didnt bhop.","HsK","its been resolved","bro",106711751
"2020-09-15","surf_lovetunnel_fix","this map is a lot time without votes\\","Behance","not sure what you mean, report again if an issue with vote system (?)","bro",1023730978
"2020-09-16","surf_ethereal","he used the rings on s3 for wrcp","Herm\u00e8s","yes, removed","bro",
"2020-09-20","surf_quickie","b3 lagged","jovi =D","no sir","Robert",866587375
"2020-09-22","surf_redemption_b1","wtf is this s3?","twitch.tv\/hsk1903","","",106711751
"2020-09-23","surf_deathstar","&quot;CEO OF SWAG&quot; &quot;spam&quot;","\u272a nemixdev","will keep an eye on him","Robert",185477078
"2020-09-24","surf_commune_too_beta5","s3 (:","leffe","thanks!","Robert",80969784
"2020-09-25","surf_hotrod","b2 double boost","semer","ty","Robert",83676170
"2020-09-28","surf_hero","blocked bhop on the slope before last ramp so u can lose 500 units for no reason depending on where u land xddddd","leffe","dont know where","Robert",80969784
"2020-10-01","surf_mate","b1 end bhop","jovi =D","Letting it stay :)","Robert",866587375
"2020-10-03","surf_not_so_disaster","b2 lagged","jovi =D","ty","Robert",866587375
"2020-10-03","surf_bork_nbv","s6 bot kinda broken","Herm\u00e8s","Deleted bugged replay","Robert",289222444
"2020-10-06","surf_cannonball","b2 bhop on ledge","Sketchy","yes bonus too hard \/ impossible on csgo so people find alternative ways to complete it. might remove whole bonus","Robert",49314674
"2020-10-07","surf_island","surf_midsommar isn't on server5","&gt;:( \u0660 Mr.PogoMogoFogoNogo","ty","Robert",183313005
"2020-10-07","surf_network2008_final","nice spinehops","leffe","ty!","Robert",80969784
"2020-10-09","surf_parc_colore","nice s1 bot","leffe","ty","Robert",80969784
"2020-10-13","surf_amplitude_encore","no bot","Emma","ty known issue","Robert",38458798
"2020-10-13","surf_egypt2","illegal bonus route?","erkster","yes will clean up","Robert",120084621
"2020-10-14","surf_distraction_v2","fix drops to s3 and s4 pls","Pign\u00fc","","",244891175
"2020-10-14","surf_forgotten","b3 bhop trigger","jovi =D","nope","Robert",866587375
"2020-10-14","surf_666","s3 lagged","leffe","ty","Robert",80969784
"2020-10-15","surf_666","rank2 s3 also lagged ","leffe","ty","Robert",80969784
"2021-01-04","surf_sensation_fix","weird s2 version here on sh xd?","LEFFE","","",80969784
"2021-01-08","surf_extremex","when timer is paused and u spec spot and type !r then you will be at the beginning","tight","","",39118972
"2021-01-09","surf_whoknows","this map should be one tier lower with 3.5k no longer being maxvel","LEFFE","","",80969784
"2021-01-10","surf_gradient","This map is not tier-1","D0peX","","",25613235
"2021-01-17","surf_egypt2","bonus wr is made with a glitch. there are pink lines where you have to surf but this is without","tight","","",39118972
"2021-01-30","surf_fast","s4 lmao that is not suppose to work","LEFFE","","",80969784
"2021-01-31","surf_spacejam","jebem vam boga","Mios","","",199819087
"2021-01-31","surf_loves_spliff","s1 he didnt even prestafe lmao lag fiesta","LEFFE","","",80969784
"2021-02-01","surf_satellite_fix","too bright i cant see anything","ryry","","",382839376
"2021-02-01","surf_advanced","s4 lagged? seems too fast","latosaysikasi","","",162106814
"2021-02-02","surf_ny_momentum_v3_1","when going to the second last ramp, the character teleports, often results in losing control","Bloodthirsty","","",1029346419
"2021-02-03","surf_ninja_sh","when doing \/s 5, character is stuck in the air","Bloodthirsty","","",1029346419
"2021-02-03","surf_year3000_fix","everything is awesome","KocaKakoe","","",356250679
"2021-02-04","surf_casbah","this map i get stuck on nothing on the edges","XAVIER csgocases.com","","",435313844
"2021-02-05","surf_overgrowth2","s5 start","LEFFE","","",80969784
"2021-02-05","surf_kitsune_fix","racism","\uc81c \uc774\ub984\uc740 \ube44\uc698\uc785\ub2c8\ub2e4","","",1140907991
"2021-02-06","surf_beyond","&lt;cant do stage 1&gt;","Jeff","","",199974830
"2021-02-06","surf_methadone","yigitamasad ","white\u02e3\u1d48","","",453248473
"2021-02-06","surf_overgrowth2","top2 s5 abused startzone","LEFFE","","",80969784
"2021-02-07","surf_beginner","Shit at surfing","The Big Game","","",935230136
"2021-02-09","surf_ixtab","surf_fiellu not on server tier 3-6","LEFFE","","",80969784
"2021-02-09","surf_runner","bhop map on surf server","Saosin v2","","",206981724
"2021-02-09","surf_water-run_banjo_skill","bad map","Turbo","","",158870578
"2021-02-10","surf_refraxis","first ramp on s8 is extremely incosistent and buggy at the end when u have to jump","kuedon","","",109579189
"2021-02-11","surf_mesa_fix","why did i get muted if i was called a dirty jew why","headhunter","","",405216760
"2021-02-11","surf_legends","m@rl1n mic spam","Pizza-kun","","",74150319
"2021-02-11","surf_legends","m@rl1n","Pizza-kun","","",74150319
"2020-09-23","surf_deathstar","&quot;CEO OF SWAG&quot; &quot;spam&quot;","\u272a nemixdev","will keep an eye on him","Robert",185477078
"2020-09-24","surf_commune_too_beta5","s3 (:","leffe","thanks!","Robert",80969784
"2020-09-25","surf_hotrod","b2 double boost","semer","ty","Robert",83676170
"2020-09-28","surf_hero","blocked bhop on the slope before last ramp so u can lose 500 units for no reason depending on where u land xddddd","leffe","dont know where","Robert",80969784
"2020-10-01","surf_mate","b1 end bhop","jovi =D","Letting it stay :)","Robert",866587375
"2021-02-13","surf_mom_fix","this map is shit, why do you keep it in the pool","blanco","","",69229885
"2021-02-13","surf_mom_fix","just remove this map , stage 2 is too cringe","v2","","",380415116
"2021-02-14","surf_singletons","im stuck","TBRP Tyro","","",1105365035
"2021-02-14","surf_crzyfrog_reloaded","too much walls","SilverSalty","","",1119984548
"2020-09-25","surf_hotrod","b2 double boost","semer","ty","Robert",83676170
"2020-09-28","surf_hero","blocked bhop on the slope before last ramp so u can lose 500 units for no reason depending on where u land xddddd","leffe","dont know where","Robert",80969784
"2020-10-01","surf_mate","b1 end bhop","jovi =D","Letting it stay :)","Robert",866587375
"2020-10-03","surf_not_so_disaster","b2 lagged","jovi =D","ty","Robert",866587375
"2020-10-03","surf_bork_nbv","s6 bot kinda broken","Herm\u00e8s","Deleted bugged replay","Robert",289222444
"2020-10-06","surf_cannonball","b2 bhop on ledge","Sketchy","yes bonus too hard \/ impossible on csgo so people find alternative ways to complete it. might remove whole bonus","Robert",49314674
"2020-10-07","surf_island","surf_midsommar isn't on server5","&gt;:( \u0660 Mr.PogoMogoFogoNogo","ty","Robert",183313005
"2020-10-07","surf_network2008_final","nice spinehops","leffe","ty!","Robert",80969784
"2020-10-09","surf_parc_colore","nice s1 bot","leffe","ty","Robert",80969784
"2020-10-13","surf_amplitude_encore","no bot","Emma","ty known issue","Robert",38458798
"2020-10-14","surf_distraction_v2","fix drops to s3 and s4 pls","Pign\u00fc","","",244891175
"2021-02-03","surf_healthy","S1 lag","wiuuuh","","",178163562
"2021-02-16","surf_sexplizooimed","s7 got rampbug everywhere","bj\u00f6","","",141486716
"2021-02-16","surf_runner","shit map","iPodRacing","","",143060795
"2021-02-16","surf_ny_momentum_v3_1","shit map :(","GCB?\u25baeddy_e\u25c4","","",99481495
"2021-02-16","surf_me","This ins't easy fake tittle, leave this shit...","Black","","",864383330
"2021-02-17","surf_southpark_refix","leo messi mic spam","Pizza-kun","","",74150319
"2021-02-17","surf_divided","Dildo Faggins = Jonz smurf KEKW ","wiuuuh","","",178163562
"2021-02-18","surf_lighthouse_fix","s2 fish replay broken","SikQ'","","",25111148
"2021-02-18","surf_lianfora","jonny testo","Molanablack","","",258919552
"2021-02-18","surf_forbidden_swag","s1 end tp not high enough","erko","","",120084621
"2021-02-19","surf_rookie","sexy kids","PUMPKIN","","",1161893947
"2021-02-19","surf_rez","I'm to good, can u make harder maps? thank you","Talaya","","",394814342
"2021-02-20","surf_astray","this map is a fuck","dr umar johnson","","",74892266
"2021-02-20","surf_rookie","saying n-word","tom brady","","",99151037
"2021-02-20","surf_lianfora","perm mute for no reason","zaka","","",1136642668
"2020-10-06","surf_cannonball","b2 bhop on ledge","Sketchy","yes bonus too hard \/ impossible on csgo so people find alternative ways to complete it. might remove whole bonus","Robert",49314674
"2020-10-07","surf_island","surf_midsommar isn't on server5","&gt;:( \u0660 Mr.PogoMogoFogoNogo","ty","Robert",183313005
"2020-10-07","surf_network2008_final","nice spinehops","leffe","ty!","Robert",80969784
"2020-10-09","surf_parc_colore","nice s1 bot","leffe","ty","Robert",80969784
"2020-10-13","surf_amplitude_encore","no bot","Emma","ty known issue","Robert",38458798
"2020-10-13","surf_egypt2","illegal bonus route?","erkster","yes will clean up","Robert",120084621
"2020-10-14","surf_distraction_v2","fix drops to s3 and s4 pls","Pign\u00fc","No :)","Robert",244891175
"2021-02-22","surf_classics","Nap1x","BelicaMMC","","",228434095
"2021-02-22","surf_classics","&lt;stage13IsHard&gt;","Dex","","",324844642
"2021-02-22","surf_how2surf","i got stuck at stage 4","Rafway","","",485159489
"2021-02-22","surf_healthy","wr timer broken","bueno","","",861456598
"2020-10-14","surf_distraction_v2","fix drops to s3 and s4 pls","Pign\u00fc","No :)","Robert",244891175
"2020-10-14","surf_forgotten","b3 bhop trigger","jovi =D","nope","Robert",866587375
"2020-10-14","surf_666","s3 lagged","leffe","ty","Robert",80969784
"2020-10-15","surf_666","rank2 s3 also lagged ","leffe","ty","Robert",80969784
"2020-10-15","surf_andromeda","&lt;i got stuck at this point and i cant move spec me&gt;","Wolfigo","type !r or !rs","Robert",1077098192
"2020-10-17","surf_egypt2","You can cheat the bonus. You can take the first ramp and strafe to the finish without having to go over the purple line","ItSocks","","",207328784
"2020-10-18","surf_nyx","b1 spinehop","jovi =D","no","Robert",866587375
"2020-10-18","surf_hotwheels","b1 all new times since 13\/10 are looped","Liquidator","thanks","Robert",353708445
"2020-10-19","surf_simpsons_go_rc2","s9 bugged wrcp","erkster","thanks","Robert",120084621
"2021-02-27","surf_spacejam","joemama","Niggel","","",379802108
"2021-02-27","surf_spacejam","&lt;bugged ramps and respawn&gt; ","Dr.GRoWL","","",52839090
"2021-02-27","surf_aircontrol_ksf","i just got muted for 360minutes literally for no reason","vacka","","",254894627
"2021-02-27","surf_ameliorate","ashram ve'ing in a row","Sono","","",
"2020-10-17","surf_egypt2","You can cheat the bonus. You can take the first ramp and strafe to the finish without having to go over the purple line","ItSocks","","",207328784
"2020-10-18","surf_nyx","b1 spinehop","jovi =D","no","Robert",866587375
"2020-10-18","surf_hotwheels","b1 all new times since 13\/10 are looped","Liquidator","thanks","Robert",353708445
"2020-10-19","surf_simpsons_go_rc2","s9 bugged wrcp","erkster","thanks","Robert",120084621
"2020-10-19","surf_rez2","s4 bot broken","Pign\u00fc","ty","Robert",
"2020-10-24","surf_004_fix","b1 +left\/+right strafebinds","Liquidator","i see","Robert",353708445
"2020-10-24","surf_fast","&quot;b1 crouch boosted&quot;","Elkotte","","",69358209
"2020-10-25","surf_classics3_fix","Hi-Tech is too handsome to play here","Captain Subox","agree, banned","Robert",32964044
"2020-10-27","surf_rookie","i pretty sure he lagged s10 start. ","konga","no sir, crouch jump + old pre but its all good","Robert",893785824
"2021-02-26","surf_sempar_njv","lvl2","Mixx","","",28315749
"2021-02-26","surf_skyborn","map bugs","Epicmaaxx","","",230015265
"2021-03-01","surf_illumination","message",":)","","",111495334
"2021-03-01","surf_illumination","Illumination b2 ","Popo Chubb-Baggins of Pincup","","",51612548
"2021-03-01","surf_clujreek","s4 spawn (!rs) broken","Ninjah Koda","","",
"2020-10-24","surf_004_fix","b1 +left\/+right strafebinds","Liquidator","i see","Robert",353708445
"2020-10-24","surf_fast","&quot;b1 crouch boosted&quot;","Elkotte","","",69358209
"2020-10-25","surf_classics3_fix","Hi-Tech is too handsome to play here","Captain Subox","agree, banned","Robert",32964044
"2020-10-27","surf_rookie","i pretty sure he lagged s10 start. ","konga","no sir, crouch jump + old pre but its all good","Robert",893785824
"2020-10-27","surf_satellite_fix","bugged map causing lag","Enma","thanks","Robert",69361406
"2020-10-27","surf_zbig_rc2","s3 cp lagged?","Pign\u00fc","no sir","Robert",244891175
"2020-10-28","surf_palais","bhop should be removed","stiquu","ty","Robert",4111510
"2020-10-29","surf_happyhug","surf_happyhug, tier 4, are you sure about that?","iNooVa","sure","Robert",169834495
"2020-10-31","surf_togo","&quot;Make font size option in !hud affect center units indicator&quot;","The Wild Healer","Not possible afaik","Robert",243358953
"2020-11-02","surf_sandstorm2","surf_lianfora not on this server","leffe","ty!","Robert",80969784
"2020-11-09","surf_nebula","b3 trigger skipping by resetting after going through the first set of rings","Cayden","","",1144841893
"2020-11-10","surf_artifex","nightmare bonus1 times are cheesed","\u1d38\u02e2Kahvo","no","Robert",181685241
"2020-11-10","surf_noble","s3 rngfix remove lol","khonat","ty","Robert",230126971
"2020-11-14","surf_ny_platinum","&quot;Stage 3 is broken, no moving parts&quot;","Player2","intended","Robert",34188685
"2020-11-20","surf_fortum","block the b1 route &amp; adjust the times, current wrb route is very rng","Liquidator","","",
"2020-11-21","surf_auroria2","there isnt a main bot","tipjar","fixed","Robert",
"2020-11-21","surf_amplitude_encore","Missing wr bot","t.tv\/TheWildHealer","fixed","Robert",243358953
"2020-11-22","surf_discovery","doing !rs on s3 breaks the starting boost and in order to fix this u need to drop down on the stage to reset it normall","kuedon","","",109579189
"2020-11-30","surf_astray","wr looped startzone no idea how","Liquidator","fixed","Robert",353708445
"2020-12-07","surf_leesriize","can u add nojump on the rings on b1 and remove top3 pls","khonat","ty","Robert",230126971
"2020-12-08","surf_runewords2","surf_runeowrds2 if you fall into the water right at the start of s4 you dont reset","hooray for gay","thanks added a lil reset zone","Robert",
"2020-12-09","surf_cavemissile_fix","you can get stuck in the roof after second ramp pos -10019 2002 11726","t.tv\/TheWildHealer","type !rs or !r then = )","Robert",243358953
"2020-12-09","surf_blackside","illegal bhop on stage 2 in the wr","Wr0ngD00r","no sir","Robert",86054035
